"country","genre_name","purchases"
"Argentina","Alternative & Punk","17"
"Australia","Rock","34"
"Austria","Rock","40"
"Belgium","Rock","26"
"Brazil","Rock","205"
"Canada","Rock","333"
"Chile","Rock","61"
"Czech Republic","Rock","143"
"Denmark","Rock","24"
"Finland","Rock","46"
"France","Rock","211"
"Germany","Rock","194"
"Hungary","Rock","44"
"India","Rock","102"
"Ireland","Rock","72"
"Italy","Rock","35"
"Netherlands","Rock","33"
"Norway","Rock","40"
"Poland","Rock","40"
"Portugal","Rock","108"
"Spain","Rock","46"
"Sweden","Rock","60"
"United Kingdom","Rock","166"
"USA","Rock","561"
